state,tfdays,tfdate,tfday,tfmonthcap,tfddiffcalc,tfdtext1,tfdtext2,tfdtext3,tfdrank,tfdranksup,indexrank,indexranksup,indexranksupcomb,indexciccomprank,indexciccompranksup,indexciccompranksupcomb,indexiiccomprank,indexiiccompranksup,indexiiccompranksupcomb,indexsalescomprank,indexsalescompranksup,indexsalescompranksupcomb,indexuicomprank,indexuicompranksup,indexuicompranksupcomb,indexpropcomprank,indexpropcompranksup,indexpropcompranksupcomb,previousindexrank,previousindexranksup,previousindexranksupcomb,burdensrank,burdensranksup,burdensranksupcomb,burdensscore,burdensperc,burdensqual,burdensdollar,tpsrdollar,tpsrrank,tpsrranksup,iitbrackets,iitdescrip,iittoprate,iitraterank,iitrateranksup,iittopkickin,iitdollar,iitdollarrank,iitdollarranksup,iitbottomrate,iitbottomkickin,corptoprate,corpbrackets,corpraterank,corprateranksup,corpcoll,corpcollrank,corpcollranksupp,salesstaterate,salesstatelocalrate,saleslocalrate,salesraterank,salesrateranksup,salesdollar,salesdollarrank,salesdollarranksup,propertycollections,propertyrank,propertyranksup,propertymeantax,propertymeantaxrank,propertymeantaxranksup,excisetaxcoll,excisedollarrank,excisedollarranksup,gastaxrate,gasrate,gasrank,gasranksup,cigrate,cigrank,cigranksup,spiritsrate,spiritsrank,spiritsranksup,winerate,winerank,wineranksup,beerrate,beerrank,beerranksup,cellrate,cellrank,cellranksupp,sourceprop,sourcesales,sourceiic,sourcecit,sourceother,revpercap,revpercaprank,revpercapranksup,sourcefedaid,rankfed,rank fed aid,@flag,@map,neighbor1,neighbor1index,neighbor1burdens,neighbor2,neighbor2index,neighbor2burdens,neighbor3,neighbor3index,neighbor3burdens,neighbor4,neighbor4index,neighbor4burdens,paren4A,paren4B,neighbor5,neighbor5index,neighbor5burdens,paren5A,paren5B,neighbor6,neighbor6index,neighbor6burdens,paren6A,paren6B,neighbor7,neighbor7index,neighbor7burdens,paren7A,paren7B,capstocktaxrate,capstocktax2,inheritancetaxrate,inheritancetaxexempt,estatetaxrate,estatetaxexempt,GRT,incomepercap,incomepercaprank2,incomepercaprank,SLdebtpercap,sldebt,Sldebtrank
Year,2015,,,,2015,,,,2015,,2015,,,2015,,,2015,,,2015,,,2015,,,2015,,,2014,,,2011,,,2011,,,2011,2005,,,2015,,2015,,,2015,2012,,,2015,2015,2015,2013,,,2012,,,2015,2015,2015,,,2012,,,2012,,,2013,,,2012,,,2015,,,,2015,,,2015,,,2015,,,2015,,,2014,,,2012,2012,2012,2012,2012,2012,,,2013,,,,,,,,,,,,,,,,,,,,,,,,,,,,,,,,,,2015,2015,2015,2015,2015,2015,2015,2011,,,2012,,
Alabama,99,9-Apr,9,April,-15,15,days,before,5,th,28,th,28th,27,th,27th,23,rd,23rd,41,st,41st,25,th,25th,10,th,10th,21,st,21st,41,st,41st,8.30%,8.3,below,"$2,886 ",$1.66 ,7,7th,3,brackets,5.00%,31,31st,"$3,000 ",$648 ,36,36th,2.00%,$0 ,6.50%,1,26,26th,$86 ,38,38th,4.00%,8.91%,4.91%,3,3rd,$863 ,31,31st,$531 ,50,50th,0.43%,49,49th,$551 ,20,20th,20.87,20.9,40,40th,$0.43 ,46,46th,$18.22 ,4,4th,$1.70 ,5,5th,$1.05 ,3,3rd,9.28%,27,27th,18%,29%,22%,3%,28%,"$7,032 ",43,43rd,36%,9,9th,flag_al.gif,Alabama_map.ai,Tennessee,15th,45th,Georgia,36th,35th,Florida,5th,31st,Mississippi,18th,40th,(,),,,,,,,,,,,,,,,,0.18%,"$15,000 ",None,N/A,None,N/A,None,"$34,763 ",44,44th,"$6,127 ",39,39th
Alaska,105,15-Apr,15,April,-9,9,days,before,16,th,4,th,4th,30,th,30th,1,st,1st,5,th,5th,24,th,24th,32,nd,32nd,4,th,4th,49,th,49th,7.00%,7,below,"$3,319 ",$1.84 ,3,3rd,0,no state income tax,0.00%,44,44th,N/A,$0 ,N/A,N/A,0.00%,N/A,9.40%,10,4,4th,$912 ,1,1st,0.00%,1.76%,1.76%,46,46th,$286 ,46,46th,"$2,072 ",8,8th,1.18%,20,20th,$458 ,30,30th,11.3,11.3,50,50th,$2.00 ,11,11th,$12.80 ,5,5th,$2.50 ,2,2nd,$1.07 ,2,2nd,11.77%,15,15th,17%,2%,0%,8%,73%,"$23,626 ",1,1st,22%,48,48th,flag_ak.gif,Alaska_map.ai,Hawaii,30th,20th,Oregon,12th,16th,Washington,11th,27th,California,48th,4th,(,),,,,,,,,,,,,,,,,None,N/A,None,N/A,None,N/A,None,"$47,354 ",8,8th,"$13,066 ",3,3rd
Arizona,105,15-Apr,15,April,-9,9,days,before,17,th,23,rd,23rd,24,th,24th,19,th,19th,49,th,49th,4,th,4th,6,th,6th,22,nd,22nd,34,th,34th,8.90%,8.9,below,"$3,194 ",$1.19 ,21,21st,5,brackets,4.54%,38,38th,"$150,000 ",$475 ,41,41st,2.59%,$0 ,6.00%,1,32,32nd,$100 ,35,35th,5.60%,8.17%,2.57%,11,11th,"$1,323 ",10,10th,"$1,052 ",31,31st,0.80%,35,35th,$330 ,45,45th,19,19,43,43rd,$2.00 ,11,11th,$3.00 ,41,41st,$0.84 ,26,26th,$0.16 ,35,35th,11.96%,14,14th,31%,39%,14%,3%,14%,"$6,670 ",46,46th,35%,14,14th,flag_az.gif,Arizona_map.ai,California,48th,4th,Nevada,3rd,43rd,Utah,9th,28th,Colorado,20th,32nd,(,),New Mexico,38th,37th,(,),,,,,,,,,,,None,N/A,None,N/A,None,N/A,None,"$35,889 ",40,40th,"$7,537 ",32,32nd
Arkansas,104,14-Apr,14,April,-10,10,days,before,13,th,39,th,39th,40,th,40th,28,th,28th,44,th,44th,39,th,39th,19,th,19th,35,th,35th,12,th,12th,10.30%,10.3,above,"$3,405 ",$1.41 ,14,14th,6,brackets,6.90%,13,13th,"$35,099 ",$816 ,31,31st,0.90%,$0 ,6.50%,6,26,26th,$137 ,20,20th,6.50%,9.26%,2.76%,2,2nd,"$1,271 ",13,13th,$662 ,48,48th,0.62%,42,42nd,$465 ,26,26th,21.8,21.8,38,38th,$1.15 ,29,29th,$6.57 ,19,19th,$1.42 ,9,9th,$0.34 ,18,18th,13.43%,9,9th,19%,36%,23%,4%,18%,"$7,189 ",38,38th,33%,22,22nd,flag_ar.gif,Arkansas_map.ai,Texas,10th,47th,Oklahoma,32nd,39th,Missouri,17th,33rd,Tennessee,15th,45th,(,),Mississippi,18th,40th,(,),Louisiana,35th,46th,(,),,,,,,0.30%,Unlimited,None,N/A,None,N/A,None,"$33,182 ",48,48th,"$4,742 ",48,48th
California,123,3-May,3,May,9,9,days,after,47,th,48,th,48th,34,th,34th,50,th,50th,42,nd,42nd,14,th,14th,14,th,14th,48,th,48th,4,th,4th,11.40%,11.4,above,"$5,136 ",$0.78 ,43,43rd,10,brackets,13.30%,1,1st,"$1,000,000 ","$1,454 ",7,7th,1.00%,$0 ,8.84%,1,8,8th,$210 ,9,9th,7.50%,8.44%,0.94%,8,8th,"$1,082 ",17,17th,"$1,363 ",21,21st,0.81%,34,34th,$396 ,40,40th,45.39,45.4,2,2nd,$0.87 ,32,32nd,$3.30 ,39,39th,$0.20 ,43,43rd,$0.20 ,28,28th,10.21%,24,24th,28%,22%,30%,4%,15%,"$8,795 ",14,14th,25%,42,42nd,flag_ca.gif,California_map.ai,Oregon,12th,16th,Nevada,3rd,43rd,Arizona,23rd,34th,Hawaii,30th,20th,(,),,,,,,,,,,,,,,,,None,N/A,None,N/A,None,N/A,None,"$45,254 ",15,15th,"$11,094 ",8,8th
Colorado,115,25-Apr,25,April,1,1,day,after,38,th,20,th,20th,12,th,12th,16,th,16th,43,rd,43rd,35,th,35th,22,nd,22nd,19,th,19th,32,nd,32nd,9.00%,9,below,"$4,220 ",$0.81 ,41,41st,1,bracket,4.63%,36,36th,federal taxable income,$946 ,24,24th,4.63%,$0 ,4.63%,1,43,43rd,$96 ,36,36th,2.90%,7.44%,4.54%,15,15th,"$1,054 ",18,18th,"$1,349 ",22,22nd,0.61%,43,43rd,$421 ,36,36th,22,22,35,35th,$0.84 ,33,33rd,$2.28 ,46,46th,$0.32 ,38,38th,$0.08 ,45,45th,10.70%,21,21st,33%,26%,23%,2%,16%,"$7,921 ",29,29th,28%,35,35th,flag_co.gif,Colorado_map.ai,Arizona,23rd,34th,Utah,9th,28th,Wyoming,1st,50th,Nebraska,29th,25th,(,),Kansas,22nd,26th,(,),Oklahoma,32nd,39th,(,),New Mexico,38th,37th,(,),None,N/A,None,N/A,None,N/A,None,"$46,767 ",10,10th,"$9,972 ",14,14th
Connecticut,133,13-May,13,May,19,19,days,after,50,th,42,nd,42nd,32,nd,32nd,34,th,34th,31,st,31st,20,th,20th,49,th,49th,42,nd,42nd,3,rd,3rd,11.90%,11.9,above,"$7,150 ",$0.69 ,48,48th,6,brackets,6.70%,16,16th,"$250,000 ","$2,053 ",2,2nd,3.00%,$0 ,9.00%,1,5,5th,$175 ,12,12th,6.35%,6.35%,0.00%,31,31st,"$1,054 ",18,18th,"$2,626 ",2,2nd,1.98%,4,4th,$811 ,4,4th,43.22,43.2,5,5th,$3.40 ,4,4th,$5.40 ,28,28th,$0.72 ,27,27th,$0.23 ,26,26th,7.78%,38,38th,38%,15%,30%,3%,15%,"$10,058 ",6,6th,23%,46,46th,flag_ct.gif,Connecticut_map.ai,New York,49th,1st,Massachusetts,24th,11th,Rhode Island,45th,8th,,,,,,,,,,,,,,,,,,,,,0.37%,"$1,000,000 ",None,N/A,7.2-12%,"$2,000,000 ",None,"$60,287 ",1,1st,"$11,928 ",4,4th
Delaware,110,20-Apr,20,April,-4,4,days,before,29,th,14,th,14th,50,th,50th,33,rd,33rd,1,st,1st,2,nd,2nd,13,th,13th,13,th,13th,15,th,15th,10.10%,10.1,above,"$4,209 ",$0.77 ,44,44th,6,brackets,6.60%,17,17th,"$60,000 ","$1,368 ",8,8th,2.20%,"$2,000 ",8.70%,1,9,9th,$293 ,6,6th,0.00%,0.00%,0.00%,47,N/A,$0 ,N/A,N/A,$762 ,45,45th,0.55%,47,47th,$553 ,18,18th,23,23,32,32nd,$1.60 ,21,21st,$3.75 ,36,36th,$0.97 ,22,22nd,$0.16 ,35,35th,6.23%,45,45th,17%,0%,30%,6%,47%,"$9,637 ",8,8th,25%,45,45th,flag_de.gif,Delaware_map.ai,Pennsylvania,34th,10th,New Jersey,50th,2nd,Maryland,40th,7th,,,,,,,,,,,,,,,,,,,,,0.04%,"$180,000 ",None,N/A,0.8-16%,"$5,430,000 ",0.0996% - 0.7468%,"$41,521 ",22,22nd,"$9,023 ",18,18th
Florida,110,20-Apr,20,April,-4,4,days,before,30,th,5,th,5th,14,th,14th,1,st,1st,12,th,12th,3,rd,3rd,16,th,16th,5,th,5th,31,st,31st,9.20%,9.2,below,"$3,699 ",$0.97 ,34,34th,0,no state income tax,0.00%,44,44th,N/A,$0 ,N/A,N/A,0.00%,N/A,5.50%,1,38,38th,$104 ,32,32nd,6.00%,6.65%,0.65%,29,29th,"$1,106 ",16,16th,"$1,281 ",27,27th,1.06%,25,25th,$599 ,15,15th,36.42,36.4,8,8th,$1.34 ,26,26th,$6.50 ,20,20th,$2.25 ,3,3rd,$0.48 ,10,10th,16.55%,4,4th,38%,19%,25%,8%,10%,"$6,946 ",45,45th,32%,28,28th,flag_fl.gif,Florida_map.ai,Georgia,36th,35th,Alabama,28th,41st,Alabama,28th,41st,,,,,,,,,,,,,,,,,,,,,None,N/A,None,N/A,None,N/A,None,"$40,296 ",26,26th,"$7,651 ",29,29th
Georgia,105,15-Apr,15,April,-9,9,days,before,15,th,36,th,36th,8,th,8th,42,nd,42nd,17,th,17th,36,th,36th,30,th,30th,32,nd,32nd,35,th,35th,8.80%,8.8,below,"$3,237 ",$1.01 ,32,32nd,6,brackets,6.00%,19,19th,"$7,000 ",$826 ,30,30th,1.00%,$0 ,6.00%,1,32,32nd,$60 ,43,43rd,4.00%,6.96%,2.96%,24,24th,$929 ,25,25th,"$1,050 ",32,32nd,0.95%,27,27th,$320 ,48,48th,26.53,26.5,25,25th,$0.37 ,47,47th,$3.79 ,35,35th,$1.51 ,7,7th,$1.01 ,4,4th,8.81%,30,30th,32%,28%,25%,2%,13%,"$6,426 ",49,49th,37%,7,7th,flag_ga.gif,Georgia_map.ai,Tennessee,15th,45th,Alabama,28th,41st,Florida,5th,31st,South Carolina,37th,42nd,(,),North Carolina,16th,17th,(,),,,,,,,,,,,Variable,"$5,000 ",None,N/A,None,N/A,None,"$36,611 ",36,36th,"$5,656 ",44,44th
Hawaii,109,19-Apr,19,April,-5,5,days,before,25,th,30,th,30th,9,th,9th,37,th,37th,15,th,15th,28,th,28th,12,th,12th,30,th,30th,20,th,20th,9.60%,9.6,below,"$4,259 ",$1.44 ,12,12th,12,brackets,11.00%,2,2nd,"$200,000 ","$1,114 ",15,15th,1.40%,$0 ,6.40%,3,30,30th,$58 ,44,44th,4.00%,4.35%,0.35%,45,45th,"$2,088 ",2,2nd,$947 ,37,37th,0.28%,50,50th,$785 ,5,5th,45,45,4,4th,$3.20 ,5,5th,$5.98 ,23,23rd,$1.38 ,12,12th,$0.93 ,5,5th,6.32%,44,44th,18%,39%,21%,1%,22%,"$9,251 ",11,11th,22%,49,49th,flag_hi.gif,Hawaii_map.ai,Washington,11th,27th,Oregon,12th,16th,California,48th,4th,,,,,,,,,,,,,,,,,,,,,None,N/A,None,N/A,0.8-16%,"$5,430,000 ",None,"$44,255 ",17,17th,"$10,137 ",13,13th
Idaho,104,14-Apr,14,April,-10,10,days,before,14,th,19,th,19th,21,st,21st,24,th,24th,22,nd,22nd,46,th,46th,3,rd,3rd,18,th,18th,24,th,24th,9.50%,9.5,below,"$3,189 ",$1.21 ,20,20th,7,brackets,7.40%,11,11th,"$10,717 ",$763 ,32,32nd,1.60%,$0 ,7.40%,1,19,19th,$119 ,28,28th,6.00%,6.01%,0.01%,36,36th,$770 ,36,36th,$876 ,40,40th,0.75%,38,38th,$292 ,49,49th,25,25,27,27th,$0.57 ,41,41st,$10.90 ,10,10th,$0.45 ,36,36th,$0.15 ,38,38th,2.62%,48,48th,29%,25%,25%,4%,17%,"$6,401 ",50,50th,34%,15,15th,flag_id.gif,Idaho_map.ai,Washington,11th,27th,Oregon,12th,16th,Nevada,3rd,43rd,Utah,9th,28th,(,),Wyoming,1st,50th,(,),Montana,6th,38th,(,),,,,,,None,N/A,None,N/A,None,N/A,None,"$33,741 ",45,45th,"$3,930 ",50,50th
Illinois,120,30-Apr,30,April,6,6,days,after,43,rd,31,st,31st,47,th,47th,11,th,11th,34,th,34th,38,th,38th,44,th,44th,31,st,31st,13,th,13th,10.20%,10.2,above,"$4,658 ",$0.75 ,45,45th,1,bracket,3.75%,40,40th,federal adjusted gross income with modification,"$1,206 ",11,11th,3.75%,$0 ,7.75%,1,17,17th,$272 ,7,7th,6.25%,8.19%,1.94%,10,10th,$749 ,39,39th,"$1,985 ",10,10th,2.32%,2,2nd,$676 ,9,9th,30.72,30.7,15,15th,$1.98 ,16,16th,$8.55 ,14,14th,$1.39 ,11,11th,$0.23 ,26,26th,15.81%,5,5th,38%,15%,23%,5%,19%,"$8,160 ",25,25th,26%,40,40th,flag_il.gif,Illinois_map.ai,Wisconsin,43rd,5th,Iowa,41st,29th,Missouri,17th,33rd,Kentucky,26th,23rd,(,),Indiana,8th,22nd,(,),,,,,,,,,,,0.10%,"$2,000,000 ",None,N/A,0.8-16%,"$4,000,000 ",None,"$45,664 ",13,13th,"$11,369 ",6,6th
Indiana,108,18-Apr,18,April,-6,6,days,before,24,th,8,th,8th,22,nd,22nd,10,th,10th,10,th,10th,7,th,7th,5,th,5th,10,th,10th,22,nd,22nd,9.50%,9.5,below,"$3,385 ",$1.05 ,30,30th,1,bracket,3.30%,41,41st,federal adjusted gross income with modification,$934 ,26,26th,3.30%,$0 ,7.00%,1,21,21st,$122 ,27,27th,7.00%,7.00%,0.00%,21,21st,"$1,015 ",23,23rd,$994 ,35,35th,0.86%,28,28th,$533 ,21,21st,29.85,29.9,19,19th,$1.00 ,31,31st,$2.68 ,42,42nd,$0.47 ,35,35th,$0.12 ,41,41st,10.71%,20,20th,27%,27%,25%,3%,18%,"$7,317 ",37,37th,33%,20,20th,flag_in.gif,Indiana_map.ai,Michigan,13th,21st,Illinois,31st,13th,Kentucky,26th,23rd,Ohio,44th,18th,(,),,,,,,,,,,,,,,,,None,N/A,None,N/A,None,N/A,None,"$35,592 ",41,41st,"$7,593 ",31,31st
Iowa,106,16-Apr,16,April,-8,8,days,before,18,th,41,st,41st,49,th,49th,32,nd,32nd,23,rd,23rd,33,rd,33rd,38,th,38th,40,th,40th,29,th,29th,9.30%,9.3,below,"$3,740 ",$1.10 ,24,24th,9,brackets,8.98%,5,5th,"$69,255 ","$1,019 ",20,20th,0.36%,$0 ,12.00%,4,1,1st,$139 ,19,19th,6.00%,6.78%,0.78%,27,27th,"$1,047 ",20,20th,"$1,479 ",15,15th,1.49%,14,14th,$437 ,34,34th,22,22,35,35th,$1.36 ,25,25th,$12.49 ,6,6th,$1.75 ,4,4th,$0.19 ,31,31st,8.61%,31,31st,34%,24%,23%,3%,17%,"$9,150 ",13,13th,32%,27,27th,flag_ia.gif,Iowa_map.ai,Minnesota,47th,6th,Wisconsin,43rd,5th,Illinois,31st,13th,Missouri,17th,33rd,(,),Nebraska,29th,25th,(,),South Dakota,2nd,48th,(,),,,,,,None,N/A,0% - 15%,Variable,None,N/A,None,"$40,147 ",27,27th,"$5,920 ",40,40th
Kansas,111,21-Apr,21,April,-3,3,days,before,31,st,22,nd,22nd,38,th,38th,18,th,18th,30,th,30th,9,th,9th,28,th,28th,20,th,20th,26,th,26th,9.40%,9.4,below,"$3,849 ",$1.12 ,22,22nd,2,brackets,4.60%,37,37th,"$15,000 ","$1,006 ",21,21st,2.70%,$0 ,7.00%,2,21,21st,$110 ,31,31st,6.15%,8.20%,2.05%,9,9th,"$1,291 ",11,11th,"$1,364 ",20,20th,1.39%,15,15th,$384 ,42,42nd,24.03,24,29,29th,$0.79 ,35,35th,$2.50 ,43,43rd,$0.30 ,40,40th,$0.18 ,32,32nd,12.87%,11,11th,31%,30%,23%,3%,13%,"$8,202 ",23,23rd,25%,44,44th,flag_ks.gif,Kansas_map.ai,Nebraska,29th,25th,Missouri,17th,33rd,Oklahoma,32nd,39th,Colorado,20th,32nd,(,),,,,,,,,,,,,,,,,None,N/A,None,N/A,None,N/A,None,"$40,913 ",24,24th,"$9,274 ",16,16th
Kentucky,101,11-Apr,11,April,-13,13,days,before,6,th,26,th,26th,29,th,29th,30,th,30th,11,th,11th,45,th,45th,17,th,17th,27,th,27th,23,rd,23rd,9.50%,9.5,below,"$3,169 ",$1.51 ,9,9th,6,brackets,6.00%,19,19th,"$75,000 ","$1,060 ",18,18th,2.00%,$0 ,6.00%,3,32,32nd,$158 ,16,16th,6.00%,6.00%,0.00%,37,37th,$698 ,41,41st,$716 ,46,46th,0.85%,32,32nd,$585 ,16,16th,27.6,27.6,23,23rd,$0.60 ,39,39th,$7.35 ,17,17th,$3.18 ,1,1st,$0.83 ,6,6th,10.48%,23,23rd,21%,20%,31%,5%,23%,"$7,081 ",42,42nd,35%,12,12th,flag_ky.gif,Kentucky_map.ai,Illinois,31st,13th,Indiana,8th,22nd,Ohio,44th,18th,West Virginia,21st,19th,(,),Virginia,27th,30th,(,),Tennessee,15th,45th,(,),Missouri,17th,33rd,(,),None,N/A,0% - 16%,Variable,None,N/A,None,"$33,435 ",47,47th,"$9,716 ",15,15th
Louisiana,92,2-Apr,2,April,-22,22,days,before,1,st,35,th,35th,23,rd,23rd,27,th,27th,50,th,50th,6,th,6th,24,th,24th,33,rd,33rd,46,th,46th,7.60%,7.6,below,"$2,872 ",$1.78 ,4,4th,3,brackets,6.00%,19,19th,"$50,000 ",$539 ,39,39th,2.00%,$0 ,8.00%,5,13,13th,$63 ,41,41st,4.00%,8.91%,4.91%,3,3rd,"$1,451 ",5,5th,$793 ,43,43rd,0.51%,48,48th,$526 ,22,22nd,20.01,20,41,41st,$0.36 ,48,48th,$2.50 ,43,43rd,$0.11 ,45,45th,$0.32 ,19,19th,7.35%,40,40th,22%,39%,15%,2%,23%,"$8,527 ",17,17th,42%,2,2nd,flag_la.gif,Louisiana_map.ai,Texas,10th,47th,Arkansas,39th,12th,Mississippi,18th,40th,,,,,,,,,,,,,,,,,,,,,0.30%,Unlimited,None,N/A,None,N/A,None,"$37,889 ",31,31st,"$7,834 ",26,26th
Maine,104,14-Apr,14,April,-10,10,days,before,11,th,33,rd,33rd,45,th,45th,22,nd,22nd,9,th,9th,42,nd,42nd,40,th,40th,29,th,29th,14,th,14th,10.20%,10.2,above,"$3,836 ",$1.41 ,13,13th,2,brackets,7.95%,9,9th,"$20,899 ","$1,086 ",16,16th,6.50%,"$5,199 ",8.93%,4,7,7th,$175 ,12,12th,5.50%,5.50%,0.00%,42,42nd,$801 ,35,35th,"$1,789 ",11,11th,1.28%,17,17th,$520 ,23,23rd,30.01,30,18,18th,$2.00 ,11,11th,$5.79 ,24,24th,$0.60 ,31,31st,$0.35 ,17,17th,7.31%,41,41st,39%,17%,24%,4%,17%,"$8,430 ",18,18th,35%,10,10th,flag_me.gif,Maine_map.ai,New Hampshire,7th,44th,Massachusetts,24th,11th,Vermont,46th,9th,,,,,,,,,,,,,,,,,,,,,None,N/A,None,N/A,8-12%,"$2,000,000 ",None,"$37,701 ",32,32nd,"$6,504 ",38,38th
Maryland,122,2-May,2,May,8,8,days,after,45,th,40,th,40th,16,th,16th,45,th,45th,8,th,8th,21,st,21st,41,st,41st,41,st,41st,7,th,7th,10.60%,10.6,above,"$5,598 ",$1.30 ,18,18th,8,brackets,5.75%,25,25th,"$250,000 ","$1,958 ",3,3rd,2.00%,$0 ,8.25%,1,12,12th,$150 ,18,18th,6.00%,6.00%,0.00%,37,37th,$695 ,42,42nd,"$1,374 ",19,19th,1.10%,22,22nd,$658 ,13,13th,30.3,30.3,16,16th,$2.00 ,11,11th,$4.62 ,32,32nd,$1.35 ,13,13th,$0.49 ,9,9th,12.37%,13,13th,27%,14%,38%,3%,19%,"$8,765 ",15,15th,29%,33,33rd,flag_md.gif,Maryland_map.ai,Delaware,14th,15th,Pennsylvania,34th,10th,West Virginia,21st,19th,Virginia,27th,30th,(,),,,,,,,,,,,,,,,,None,N/A,0% - 10%,Variable,16%,"$1,500,000 ",None,"$52,805 ",4,4th,"$7,865 ",25,25th
Massachusetts,122,2-May,2,May,8,8,days,after,46,th,24,th,24th,37,th,37th,13,th,13th,21,st,21st,48,th,48th,45,th,45th,25,th,25th,11,th,11th,10.30%,10.3,above,"$5,586 ",$0.82 ,40,40th,1,bracket,5.15%,30,30th,$0 ,"$1,804 ",4,4th,5.15%,$0 ,8.00%,1,13,13th,$302 ,5,5th,6.25%,6.25%,0.00%,33,33rd,$767 ,38,38th,"$2,061 ",9,9th,1.21%,18,18th,$383 ,43,43rd,26.54,26.5,24,24th,$3.51 ,2,2nd,$4.05 ,34,34th,$0.55 ,32,32nd,$0.11 ,44,44th,7.79%,37,37th,37%,14%,32%,5%,12%,"$9,696 ",7,7th,29%,32,32nd,flag_ma.gif,Massachusetts_map.ai,Rhode Island,45th,8th,Connecticut,42nd,3rd,New York,49th,1st,New Hampshire,7th,44th,(,),Vermont,46th,9th,(,),,,,,,,,,,,0.26%,Unlimited,None,N/A,0.8-16%,"$1,000,000 ",None,"$54,321 ",3,3rd,"$14,517 ",2,2nd
Michigan,110,20-Apr,20,April,-4,4,days,before,28,th,13,th,13th,10,th,10th,14,th,14th,7,th,7th,47,th,47th,27,th,27th,14,th,14th,21,st,21st,9.60%,9.6,below,"$3,505 ",$0.92 ,37,37th,1,bracket,4.25%,39,39th,federal adjusted gross income with modification,$744 ,33,33rd,4.25%,$0 ,6.00%,1,32,32nd,$81 ,39,39th,6.00%,6.00%,0.00%,37,37th,$904 ,27,27th,"$1,344 ",24,24th,1.78%,8,8th,$404 ,38,38th,30.26,30.3,17,17th,$2.00 ,11,11th,$11.90 ,9,9th,$0.51 ,34,34th,$0.20 ,28,28th,8.08%,36,36th,37%,25%,20%,2%,16%,"$7,680 ",31,31st,33%,23,23rd,flag_mi.gif,Michigan_map.ai,Indiana,8th,22nd,Ohio,44th,18th,Wisconsin,43rd,5th,,,,,,,,,,,,,,,,,,,,,None,N/A,None,N/A,None,N/A,None,"$36,641 ",35,35th,"$7,729 ",27,27th
Minnesota,120,30-Apr,30,April,6,6,days,after,44,th,47,th,47th,44,th,44th,46,th,46th,37,th,37th,29,th,29th,34,th,34th,47,th,47th,6,th,6th,10.70%,10.7,above,"$4,858 ",$0.72 ,46,46th,4,brackets,9.85%,4,4th,"$154,950 ","$1,489 ",6,6th,5.35%,$0 ,9.80%,1,3,3rd,$199 ,10,10th,6.88%,7.20%,0.32%,17,17th,$944 ,24,24th,"$1,466 ",16,16th,1.19%,19,19th,$817 ,3,3rd,28.6,28.6,20,20th,$2.90 ,7,7th,$8.59 ,13,13th,$1.17 ,16,16th,$0.47 ,11,11th,9.42%,26,26th,28%,18%,28%,4%,22%,"$9,196 ",12,12th,26%,39,39th,flag_mn.gif,Minnesota_map.ai,Wisconsin,43rd,5th,Iowa,41st,29th,North Dakota,25th,36th,South Dakota,2nd,48th,(,),,,,,,,,,,,,,,,,None,N/A,None,N/A,9-16%,"$1,400,000 ",None,"$45,552 ",14,14th,"$9,033 ",17,17th
Mississippi,94,4-Apr,4,April,-20,20,days,before,2,nd,18,th,18th,11,th,11th,21,st,21st,28,th,28th,8,th,8th,33,rd,33rd,17,th,17th,40,th,40th,8.40%,8.4,below,"$2,620 ",$2.02 ,2,2nd,3,brackets,5.00%,31,31st,"$10,000 ",$503 ,40,40th,3.00%,$0 ,5.00%,3,39,39th,$133 ,22,22nd,7.00%,7.07%,0.07%,20,20th,"$1,030 ",21,21st,$870 ,41,41st,0.80%,35,35th,$479 ,25,25th,18.78,18.8,45,45th,$0.68 ,36,36th,$7.46 ,16,16th,$0.00 ,46,46th,$0.43 ,12,12th,9.05%,28,28th,27%,32%,16%,4%,22%,"$8,098 ",27,27th,43%,1,1st,flag_ms.gif,Mississippi_map.ai,Louisiana,35th,46th,Arkansas,39th,12th,Tennessee,15th,45th,Alabama,28th,41st,(,),,,,,,,,,,,,,,,,0.25%,Unlimited,None,N/A,None,N/A,None,"$31,067 ",50,50th,"$4,891 ",47,47th
Missouri,104,14-Apr,14,April,-10,10,days,before,10,th,17,th,17th,4,th,4th,29,th,29th,29,th,29th,12,th,12th,7,th,7th,16,th,16th,33,rd,33rd,9.00%,9,below,"$3,380 ",$1.32 ,17,17th,10,brackets,6.00%,19,19th,"$9,000 ",$906 ,27,27th,1.50%,$0 ,6.25%,1,31,31st,$63 ,41,41st,4.23%,7.81%,3.59%,14,14th,$868 ,30,30th,$957 ,36,36th,1.02%,26,26th,$397 ,39,39th,17.3,17.3,46,46th,$0.17 ,50,50th,$2.00 ,47,47th,$0.42 ,37,37th,$0.06 ,48,48th,14.58%,6,6th,28%,26%,27%,2%,18%,"$6,993 ",44,44th,38%,5,5th,flag_mo.gif,Missouri_map.ai,Iowa,41st,29th,Nebraska,29th,25th,Kansas,22nd,26th,Oklahoma,32nd,39th,(,),Arkansas,39th,12th,(,),Illinois,31st,13th,(,),,,,,,0.00%,Unlimited,None,N/A,None,N/A,None,"$37,651 ",33,33rd,"$7,692 ",28,28th
Montana,107,17-Apr,17,April,-7,7,days,before,20,th,6,th,6th,18,th,18th,20,th,20th,3,rd,3rd,18,th,18th,8,th,8th,7,th,7th,38,th,38th,8.60%,8.6,below,"$3,137 ",$1.47 ,11,11th,7,brackets,6.90%,13,13th,"$17,000 ",$899 ,28,28th,1.00%,$0 ,6.75%,1,25,25th,$132 ,23,23rd,0.00%,0.00%,0.00%,47,N/A,$0 ,N/A,N/A,"$1,377 ",18,18th,0.86%,28,28th,$552 ,19,19th,27.75,27.8,22,22nd,$1.70 ,18,18th,$9.74 ,11,11th,$1.06 ,18,18th,$0.14 ,39,39th,6.00%,47,47th,38%,0%,25%,4%,33%,"$7,882 ",30,30th,37%,6,6th,flag_mt.gif,Montana_map.ai,Idaho,19th,24th,Wyoming,1st,50th,North Dakota,25th,36th,South Dakota,2nd,48th,(,),,,,,,,,,,,,,,,,None,N/A,None,N/A,None,N/A,None,"$36,407 ",38,38th,"$5,746 ",43,43rd
Nebraska,107,17-Apr,17,April,-7,7,days,before,21,st,29,th,29th,31,st,31st,25,th,25th,27,th,27th,13,th,13th,39,th,39th,34,th,34th,25,th,25th,9.40%,9.4,below,"$3,991 ",$1.10 ,25,25th,4,brackets,6.84%,15,15th,"$29,000 ",$994 ,22,22nd,2.46%,$0 ,7.81%,2,16,16th,$127 ,24,24th,5.50%,6.80%,1.30%,26,26th,"$1,021 ",22,22nd,"$1,598 ",13,13th,1.84%,7,7th,$323 ,47,47th,26.5,26.5,26,26th,$0.64 ,37,37th,$3.75 ,36,36th,$0.95 ,23,23rd,$0.31 ,20,20th,18.48%,2,2nd,36%,23%,23%,3%,15%,"$8,322 ",20,20th,32%,26,26th,flag_ne.gif,Nebraska_map.ai,South Dakota,2nd,48th,Iowa,41st,29th,Missouri,17th,33rd,Kansas,22nd,26th,(,),Colorado,20th,32nd,(,),Wyoming,1st,50th,(,),,,,,,Variable,"$11,995 ",1% - 18%,Variable,None,N/A,None,"$42,281 ",19,19th,"$8,170 ",21,21st
Nevada,110,20-Apr,20,April,-4,4,days,before,26,th,3,rd,3rd,1,st,1st,1,st,1st,39,th,39th,43,rd,43rd,9,th,9th,3,rd,3rd,43,rd,43rd,8.10%,8.1,below,"$3,221 ",$0.65 ,49,49th,0,no state income tax,0.00%,44,44th,N/A,$0 ,N/A,N/A,0.00%,N/A,GRT,0,GRT,GRT,$0 ,47,47th,6.85%,7.94%,1.09%,13,13th,"$1,374 ",8,8th,"$1,039 ",33,33rd,0.86%,28,28th,$882 ,2,2nd,33.15,33.2,10,10th,$0.80 ,34,34th,$3.60 ,38,38th,$0.70 ,29,29th,$0.16 ,35,35th,1.86%,49,49th,27%,35%,0%,0%,38%,"$6,602 ",48,48th,25%,42,42nd,flag_nv.gif,Nevada_map.ai,California,48th,4th,Oregon,12th,16th,Idaho,19th,24th,Utah,9th,28th,(,),Arizona,23rd,34th,(,),,,,,,,,,,,None,N/A,None,N/A,None,N/A,0.051% - 0.331%,"$39,947 ",28,28th,"$10,617 ",10,10th
New Hampshire,113,23-Apr,23,April,-1,1,day,before,35,th,7,th,7th,48,th,48th,9,th,9th,2,nd,2nd,44,th,44th,43,rd,43rd,8,th,8th,44,th,44th,8.00%,8,below,"$3,769 ",$0.71 ,47,47th,1,bracket,5.00%,31,31st,$0 ,$62 ,42,42nd,5.00%,$0 ,8.50%,1,10,10th,$395 ,3,3rd,0.00%,0.00%,0.00%,47,N/A,$0 ,N/A,N/A,"$2,585 ",3,3rd,2.15%,3,3rd,$663 ,12,12th,23.83,23.8,31,31st,$1.78 ,17,17th,$0.00 ,49,49th,$0.00 ,46,46th,$0.30 ,21,21st,8.17%,35,35th,65%,0%,2%,10%,24%,"$7,138 ",41,41st,27%,38,38th,flag_nh.gif,New Hampshire_map.ai,Vermont,46th,9th,Maine,33rd,14th,Massachusetts,24th,11th,,,,,,,,,,,,,,,,,,,,,None,N/A,None,N/A,None,N/A,None,"$47,349 ",9,9th,"$8,159 ",22,22nd
New Jersey,133,13-May,13,May,19,19,days,after,49,th,50,th,50th,41,st,41st,48,th,48th,48,th,48th,32,nd,32nd,50,th,50th,49,th,49th,2,nd,2nd,12.30%,12.3,above,"$6,675 ",$0.61 ,50,50th,6,brackets,8.97%,6,6th,"$500,000 ","$1,257 ",9,9th,1.40%,$0 ,9.00%,1,5,5th,$218 ,8,8th,7.00%,6.97%,-0.03%,23,23rd,$915 ,26,26th,"$2,924 ",1,1st,2.38%,1,1st,$460 ,29,29th,14.5,14.5,49,49th,$2.70 ,9,9th,$5.50 ,26,26th,$0.88 ,24,24th,$0.12 ,41,41st,8.84%,29,29th,48%,15%,21%,4%,13%,"$9,527 ",9,9th,26%,41,41st,flag_nj.gif,New Jersey_map.ai,New York,49th,1st,Pennsylvania,34th,10th,Delaware,14th,15th,,,,,,,,,,,,,,,,,,,,,None,N/A,0% - 16%,Variable,0.8-16%,"$675,000 ",None,"$54,422 ",2,2nd,"$11,623 ",5,5th
New Mexico,101,11-Apr,11,April,-13,13,days,before,7,th,38,th,38th,35,th,35th,35,th,35th,45,th,45th,10,th,10th,1,st,1st,38,th,38th,37,th,37th,8.60%,8.6,below,"$3,044 ",$2.03 ,1,the,4,brackets,4.90%,35,35th,"$16,000 ",$553 ,38,38th,1.70%,$0 ,6.90%,3,24,24th,$135 ,21,21st,5.13%,7.35%,2.23%,16,16th,"$1,407 ",6,6th,$685 ,47,47th,0.73%,40,40th,$366 ,44,44th,18.88,18.9,44,44th,$1.66 ,20,20th,$6.06 ,22,22nd,$1.70 ,5,5th,$0.41 ,13,13th,11.02%,19,19th,19%,39%,15%,4%,23%,"$8,686 ",16,16th,37%,8,8th,flag_nm.gif,New Mexico_map.ai,Utah,9th,28th,Arizona,23rd,34th,Texas,10th,47th,Oklahoma,32nd,39th,(,),Colorado,20th,32nd,(,),,,,,,,,,,,None,N/A,None,N/A,None,N/A,None,"$35,328 ",42,42nd,"$7,933 ",24,24th
New York,128,8-May,8,May,14,14,days,after,48,th,49,th,49th,20,th,20th,49,th,49th,40,th,40th,31,st,31st,46,th,46th,50,th,50th,1,st,1st,12.60%,12.6,above,"$6,622 ",$0.79 ,42,42nd,8,brackets,8.82%,8,8th,"$1,115,850 ","$2,431 ",1,1st,4.00%,$0 ,7.10%,1,20,20th,$539 ,2,2nd,4.00%,8.48%,4.48%,7,7th,"$1,276 ",12,12th,"$2,435 ",4,4th,1.64%,11,11th,$674 ,10,10th,45.09,45.1,3,3rd,$4.35 ,1,1st,$6.44 ,21,21st,$0.30 ,40,40th,$0.14 ,39,39th,17.74%,3,3rd,31%,16%,31%,7%,14%,"$13,037 ",4,4th,28%,34,34th,flag_ny.gif,New York_map.ai,Pennsylvania,34th,10th,New Jersey,50th,2nd,Connecticut,42nd,3rd,Vermont,46th,9th,(,),,,,,,,,,,,,,,,,0.15%,"$1,000,000 ",None,N/A,3.06-16%,"$3,125,000 ",None,"$52,417 ",5,5th,"$17,405 ",1,1st
North Carolina,106,16-Apr,16,April,-8,8,days,before,19,th,16,th,16th,25,th,25th,15,th,15th,33,rd,33rd,11,th,11th,29,th,29th,44,th,44th,17,th,17th,9.80%,9.8,below,"$3,564 ",$1.08 ,27,27th,1,bracket,5.75%,25,25th,$0 ,"$1,071 ",17,17th,5.75%,$0 ,5.00%,1,39,39th,$126 ,25,25th,4.75%,6.90%,2.15%,25,25th,$806 ,33,33rd,$917 ,39,39th,0.85%,32,32nd,$437 ,34,34th,37.75,37.8,6,6th,$0.45 ,44,44th,$12.30 ,7,7th,$1.00 ,20,20th,$0.62 ,8,8th,8.46%,33,33rd,26%,23%,30%,4%,18%,"$7,406 ",34,34th,33%,25,25th,flag_nc.gif,North Carolina_map.ai,Tennessee,15th,45th,Georgia,36th,35th,South Carolina,37th,42nd,Virginia,27th,30th,(,),,,,,,,,,,,,,,,,0.15%,Unlimited,None,N/A,None,N/A,None,"$36,195 ",39,39th,"$5,235 ",45,45th
North Dakota,119,29-Apr,29,April,5,5,days,after,42,nd,25,th,25th,19,th,19th,36,th,36th,20,th,20th,16,th,16th,2,nd,2nd,28,th,28th,36,th,36th,8.80%,8.8,below,"$4,057 ",$1.68 ,6,6th,5,brackets,3.22%,42,42nd,"$405,100 ",$624 ,37,37th,1.22%,$0 ,4.53%,3,44,44th,$311 ,4,4th,5.00%,6.56%,1.56%,30,30th,"$1,850 ",4,4th,"$1,143 ",30,30th,1.11%,21,21st,$712 ,7,7th,23,23,32,32nd,$0.44 ,45,45th,$4.66 ,30,30th,$1.06 ,18,18th,$0.39 ,16,16th,11.38%,18,18th,12%,19%,7%,3%,59%,"$15,012 ",3,3rd,19%,50,50th,flag_nd.gif,North Dakota_map.ai,Montana,6th,38th,South Dakota,2nd,48th,Minnesota,47th,6th,,,,,,,,,,,,,,,,,,,,,None,N/A,None,N/A,None,N/A,None,"$46,218 ",12,12th,"$6,845 ",37,37th
Ohio,107,17-Apr,17,April,-7,7,days,before,23,rd,44,th,44th,26,th,26th,47,th,47th,32,nd,32nd,5,th,5th,20,th,20th,39,th,39th,18,th,18th,9.70%,9.7,below,"$3,687 ",$1.05 ,31,31st,9,brackets,5.33%,28,28th,"$208,500 ","$1,163 ",13,13th,0.53%,$0 ,GRT,0,GRT,GRT,$30 ,46,46th,5.75%,7.10%,1.35%,19,19th,$874 ,29,29th,"$1,174 ",29,29th,1.55%,12,12th,$438 ,33,33rd,28,28,21,21st,$1.25 ,28,28th,$9.34 ,12,12th,$0.32 ,38,38th,$0.18 ,32,32nd,8.45%,34,34th,29%,22%,29%,1%,20%,"$8,004 ",28,28th,34%,18,18th,flag_oh.gif,Ohio_map.ai,Indiana,8th,22nd,Pennsylvania,34th,10th,West Virginia,21st,19th,Kentucky,26th,23rd,(,),Michigan,13th,21st,(,),,,,,,,,,,,None,N/A,None,N/A,None,N/A,0.26%,"$38,073 ",30,30th,"$7,033 ",35,35th
Oklahoma,104,14-Apr,14,April,-10,10,days,before,12,th,32,nd,32nd,7,th,7th,40,th,40th,38,th,38th,1,st,1st,11,th,11th,36,th,36th,39,th,39th,8.50%,8.5,below,"$3,187 ",$1.36 ,15,15th,7,brackets,5.25%,29,29th,"$8,700 ",$730 ,34,34th,0.50%,$0 ,6.00%,1,32,32nd,$117 ,29,29th,4.50%,8.77%,4.27%,6,6th,"$1,133 ",15,15th,$603 ,49,49th,0.86%,28,28th,$393 ,41,41st,17,17,47,47th,$1.03 ,30,30th,$5.56 ,25,25th,$0.72 ,27,27th,$0.40 ,15,15th,9.87%,25,25th,17%,32%,21%,3%,26%,"$7,521 ",33,33rd,34%,17,17th,flag_ok.gif,Oklahoma_map.ai,Kansas,22nd,26th,Colorado,20th,32nd,New Mexico,38th,37th,Texas,10th,47th,(,),Arkansas,39th,12th,(,),Missouri,17th,33rd,(,),,,,,,0.13%,"$20,000 ",None,N/A,None,N/A,None,"$37,617 ",34,34th,"$4,944 ",46,46th
Oregon,122,2-May,2,May,8,8,days,after,33,rd,12,th,12th,36,th,36th,31,st,31st,4,th,4th,30,th,30th,15,th,15th,12,th,12th,16,th,16th,10.10%,10.1,above,"$3,861 ",$0.93 ,36,36th,4,brackets,9.90%,3,3rd,"$125,000 ","$1,500 ",5,5th,5.00%,$0 ,7.60%,2,18,18th,$125 ,26,26th,0.00%,0.00%,0.00%,47,N/A,$0 ,N/A,N/A,"$1,296 ",26,26th,1.09%,23,23rd,$456 ,31,31st,31.07,31.1,14,14th,$1.31 ,27,27th,$22.72 ,2,2nd,$0.67 ,30,30th,$0.08 ,45,45th,1.76%,50,50th,34%,0%,39%,3%,23%,"$8,412 ",19,19th,35%,13,13th,flag_or.gif,Oregon_map.ai,Washington,11th,27th,Idaho,19th,24th,Nevada,3rd,43rd,California,48th,4th,(,),,,,,,,,,,,,,,,,None,N/A,None,N/A,0.8-16%,"$1,000,000 ",None,"$38,219 ",29,29th,"$8,902 ",19,19th
Pennsylvania,115,25-Apr,25,April,1,1,day,after,36,th,34,th,34th,46,th,46th,17,th,17th,24,th,24th,50,th,50th,42,nd,42nd,24,th,24th,10,th,10th,10.30%,10.3,above,"$4,374 ",$1.07 ,28,28th,1,bracket,3.07%,43,43rd,$0 ,"$1,122 ",14,14th,3.07%,$0 ,9.99%,1,2,2nd,$168 ,14,14th,6.00%,6.34%,0.34%,32,32nd,$770 ,36,36th,"$1,338 ",25,25th,1.54%,13,13th,$671 ,11,11th,50.5,50.5,1,1st,$1.60 ,21,21st,$7.20 ,18,18th,$0.00 ,46,46th,$0.08 ,45,45th,14.05%,8,8th,30%,17%,25%,4%,24%,"$8,115 ",26,26th,30%,29,29th,flag_pa.gif,Pennsylvania_map.ai,New York,49th,1st,New Jersey,50th,2nd,Delaware,14th,15th,Maryland,40th,7th,(,),Virginia,27th,30th,(,),Ohio,44th,18th,(,),,,,,,0.05%,Unlimited,0% - 15%,Variable,None,N/A,None,"$42,268 ",20,20th,"$10,149 ",12,12th
Rhode Island,116,26-Apr,26,April,2,2,days,after,39,th,45,th,45th,43,rd,43rd,38,th,38th,26,th,26th,49,th,49th,47,th,47th,46,th,46th,8,th,8th,10.50%,10.5,above,"$4,676 ",$1.00 ,33,33rd,3,brackets,5.99%,24,24th,"$137,650 ","$1,029 ",19,19th,3.75%,$0 ,7.00%,1,21,21st,$117 ,29,29th,7.00%,7.00%,0.00%,21,21st,$802 ,34,34th,"$2,234 ",6,6th,1.67%,10,10th,$629 ,14,14th,33,33,11,11th,$3.50 ,3,3rd,$5.40 ,28,28th,$1.40 ,10,10th,$0.12 ,41,41st,14.58%,6,6th,45%,16%,21%,2%,16%,"$9,387 ",10,10th,34%,18,18th,flag_ri.gif,Rhode Island_map.ai,Connecticut,42nd,3rd,Massachusetts,24th,11th,New York,49th,1st,,,,,,,,,,,,,,,,,,,,,None,N/A,None,N/A,0.8-16%,"$1,500,000 ",None,"$44,367 ",16,16th,"$11,362 ",7,7th
South Carolina,102,12-Apr,12,April,-12,12,days,before,8,th,37,th,37th,13,th,13th,41,st,41st,18,th,18th,40,th,40th,21,st,21st,37,th,37th,42,nd,42nd,8.30%,8.3,below,"$2,784 ",$1.35 ,16,16th,5,brackets,7.00%,12,12th,"$14,400 ",$659 ,35,35th,3.00%,"$2,880 ",5.00%,1,39,39th,$54 ,45,45th,6.00%,7.13%,1.13%,18,18th,$702 ,40,40th,"$1,039 ",33,33rd,0.57%,46,46th,$330 ,45,45th,16.75,16.8,48,48th,$0.57 ,41,41st,$5.42 ,27,27th,$1.08 ,17,17th,$0.77 ,7,7th,10.54%,22,22nd,34%,23%,22%,2%,19%,"$7,185 ",39,39th,30%,30,30th,flag_sc.gif,South Carolina_map.ai,North Carolina,16th,17th,Georgia,36th,35th,Florida,5th,31st,,,,,,,,,,,,,,,,,,,,,0.10%,Unlimited,None,N/A,None,N/A,None,"$33,603 ",46,46th,"$8,597 ",20,20th
South Dakota,98,8-Apr,8,April,-16,16,days,before,3,rd,2,nd,2nd,1,st,1st,1,st,1st,35,th,35th,41,st,41st,18,th,18th,2,nd,2nd,48,th,48th,7.10%,7.1,below,"$3,052 ",$1.53 ,8,8th,0,no state income tax,0.00%,44,44th,N/A,$0 ,N/A,N/A,0.00%,N/A,0.00%,0,45,45th,$72 ,40,40th,4.00%,5.83%,1.83%,40,40th,"$1,382 ",7,7th,"$1,216 ",28,28th,1.32%,16,16th,$465 ,26,26th,22,22,35,35th,$1.53 ,23,23rd,$4.63 ,31,31st,$1.27 ,14,14th,$0.27 ,22,22nd,13.02%,10,10th,35%,40%,0%,2%,24%,"$7,378 ",35,35th,39%,4,4th,flag_sd.gif,South Dakota_map.ai,North Dakota,25th,36th,Minnesota,47th,6th,Iowa,41st,29th,Nebraska,29th,25th,(,),Wyoming,1st,50th,(,),Montana,6th,38th,(,),,,,,,None,N/A,None,N/A,None,N/A,None,"$43,212 ",18,18th,"$7,066 ",34,34th
Tennessee,99,9-Apr,9,April,-15,15,days,before,4,th,15,th,15th,15,th,15th,8,th,8th,47,th,47th,26,th,26th,37,th,37th,15,th,15th,45,th,45th,7.60%,7.6,below,"$2,777 ",$1.27 ,19,19th,1,bracket,6.00%,19,19th,$0 ,$28 ,43,43rd,6.00%,$0 ,6.50%,1,26,26th,$191 ,11,11th,7.00%,9.45%,2.45%,1,1st,"$1,325 ",9,9th,$799 ,42,42nd,0.75%,38,38th,$451 ,32,32nd,21.4,21.4,39,39th,$0.62 ,38,38th,$4.46 ,33,33rd,$1.27 ,14,14th,$1.29 ,1,1st,11.55%,17,17th,26%,43%,1%,6%,25%,"$6,626 ",47,47th,40%,3,3rd,flag_tn.gif,Tennessee_map.ai,Kentucky,26th,23rd,Virginia,27th,30th,North Carolina,16th,17th,Georgia,36th,35th,(,),Alabama,28th,41st,(,),Mississippi,18th,40th,(,),Arkansas,39th,12th,(,),0.25%,Unlimited,None,N/A,5.5-9.5%,"$5,000,000 ",None,"$36,525 ",37,37th,"$5,764 ",42,42nd
Texas,107,17-Apr,17,April,-7,7,days,before,22,nd,10,th,10th,39,th,39th,6,th,6th,36,th,36th,15,th,15th,36,th,36th,11,th,11th,47,th,47th,7.50%,7.5,below,"$3,088 ",$0.94 ,35,35th,0,no state income tax,0.00%,44,44th,N/A,$0 ,N/A,N/A,0.00%,N/A,GRT,0,GRT,GRT,$0 ,47,47th,6.25%,8.05%,1.80%,12,12th,"$1,182 ",14,14th,"$1,559 ",14,14th,1.90%,6,6th,$573 ,17,17th,20,20,42,42nd,$1.41 ,24,24th,$2.40 ,45,45th,$0.20 ,43,43rd,$0.20 ,28,28th,11.73%,16,16th,41%,31%,0%,0%,28%,"$7,151 ",40,40th,33%,24,24th,flag_tx.gif,Texas_map.ai,New Mexico,38th,37th,Oklahoma,32nd,39th,Arkansas,39th,12th,Louisiana,35th,46th,(,),,,,,,,,,,,,,,,,None,N/A,None,N/A,None,N/A,0.475% - 0.95%,"$41,269 ",23,23rd,"$10,473 ",11,11th
Utah,110,20-Apr,20,April,-4,4,days,before,27,th,9,th,9th,5,th,5th,12,th,12th,19,th,19th,22,nd,22nd,4,th,4th,9,th,9th,28,th,28th,9.40%,9.4,below,"$3,304 ",$1.07 ,29,29th,1,bracket,5.00%,31,31st,$0 ,$870 ,29,29th,5.00%,$0 ,5.00%,1,39,39th,$91 ,37,37th,5.95%,6.68%,0.73%,28,28th,$881 ,28,28th,$945 ,38,38th,0.68%,41,41st,$410 ,37,37th,24.5,24.5,28,28th,$1.70 ,18,18th,$12.18 ,8,8th,$0.00 ,46,46th,$0.41 ,13,13th,12.53%,12,12th,28%,26%,26%,3%,17%,"$7,327 ",36,36th,29%,31,31st,flag_ut.gif,Utah_map.ai,Idaho,19th,24th,Nevada,3rd,43rd,Arizona,23rd,34th,New Mexico,38th,37th,(,),Colorado,20th,32nd,(,),Wyoming,1st,50th,(,),,,,,,None,N/A,None,N/A,None,N/A,None,"$35,224 ",43,43rd,"$6,957 ",36,36th
Vermont,112,22-Apr,22,April,-2,2,days,before,34,th,46,th,46th,42,nd,42nd,44,th,44th,16,th,16th,17,th,17th,48,th,48th,45,th,45th,9,th,9th,10.50%,10.5,above,"$4,351 ",$1.08 ,26,26th,5,brackets,8.95%,7,7th,"$405,100 ",$956 ,23,23rd,3.55%,$0 ,8.50%,3,10,10th,$154 ,17,17th,6.00%,6.14%,0.14%,34,34th,$561 ,44,44th,"$2,202 ",7,7th,1.71%,9,9th,"$1,013 ",1,1st,31.97,32,13,13th,$2.75 ,8,8th,$7.68 ,15,15th,$0.55 ,32,32nd,$0.27 ,22,22nd,8.50%,32,32nd,43%,11%,19%,3%,25%,"$10,107 ",5,5th,33%,21,21st,flag_vt.gif,Vermont_map.ai,New Hampshire,7th,44th,New York,49th,1st,Massachusetts,24th,11th,,,,,,,,,,,,,,,,,,,,,None,N/A,None,N/A,0.8-16%,"$2,750,000 ",None,"$41,634 ",21,21st,"$7,306 ",33,33rd
Virginia,117,27-Apr,27,April,3,3,days,after,40,th,27,th,27th,6,th,6th,39,th,39th,6,th,6th,37,th,37th,26,th,26th,26,th,26th,30,th,30th,9.20%,9.2,below,"$4,469 ",$1.51 ,10,10th,4,brackets,5.75%,25,25th,"$17,000 ","$1,254 ",10,10th,2.00%,$0 ,6.00%,1,32,32nd,$103 ,34,34th,5.30%,5.63%,0.33%,41,41st,$559 ,45,45th,"$1,392 ",17,17th,0.78%,37,37th,$462 ,28,28th,22.38,22.4,34,34th,$0.30 ,49,49th,$19.18 ,3,3rd,$1.51 ,7,7th,$0.26 ,24,24th,6.54%,43,43rd,34%,14%,31%,3%,19%,"$7,530 ",32,32nd,23%,47,47th,flag_va.gif,Virginia_map.ai,Maryland,40th,7th,West Virginia,21st,19th,Kentucky,26th,23rd,Tennessee,15th,45th,(,),North Carolina,16th,17th,(,),,,,,,,,,,,None,N/A,None,N/A,None,N/A,0.02% - 0.58%,"$48,498 ",7,7th,"$8,020 ",23,23rd
Washington,119,29-Apr,29,April,5,5,days,after,41,st,11,th,11th,28,th,28th,6,th,6th,46,th,46th,19,th,19th,23,rd,23rd,6,th,6th,27,th,27th,9.40%,9.4,below,"$4,366 ",$0.88 ,38,38th,0,no state income tax,0.00%,44,44th,N/A,$0 ,N/A,N/A,0.00%,N/A,GRT,0,GRT,GRT,$0 ,47,47th,6.50%,8.89%,2.39%,5,5th,"$1,907 ",3,3rd,"$1,345 ",23,23rd,1.09%,23,23rd,$698 ,8,8th,37.5,37.5,7,7th,$3.03 ,6,6th,$35.22 ,1,1st,$0.87 ,25,25th,$0.26 ,24,24th,18.60%,1,1st,31%,34%,0%,0%,35%,"$8,243 ",22,22nd,27%,37,37th,flag_wa.gif,Washington_map.ai,Idaho,19th,24th,Oregon,12th,16th,Alaska,4th,49th,,,,,,,,,,,,,,,,,,,,,None,N/A,None,N/A,10-20%,"$2,054,000 ",0.13% - 3.3%,"$46,456 ",11,11th,"$11,022 ",9,9th
West Virginia,103,13-Apr,13,April,-11,11,days,before,9,th,21,st,21st,17,th,17th,26,th,26th,25,th,25th,23,rd,23rd,25,th,25th,23,rd,23rd,19,th,19th,9.70%,9.7,below,"$3,160 ",$1.76 ,5,5th,5,brackets,6.50%,18,18th,"$60,000 ",$946 ,24,24th,3.00%,$0 ,6.50%,1,26,26th,$104 ,32,32nd,6.00%,6.07%,0.07%,35,35th,$688 ,43,43rd,$773 ,44,44th,0.59%,45,45th,$758 ,6,6th,34.6,34.6,9,9th,$0.55 ,43,43rd,$1.89 ,48,48th,$1.00 ,20,20th,$0.18 ,32,32nd,6.15%,46,46th,20%,18%,25%,3%,34%,"$8,282 ",21,21st,34%,16,16th,flag_wv.gif,West Virginia_map.ai,Pennsylvania,34th,10th,Ohio,44th,18th,Virginia,27th,30th,Kentucky,26th,23rd,(,),Maryland,40th,7th,(,),,,,,,,,,,,None,N/A,None,N/A,None,N/A,None,"$32,708 ",49,49th,"$5,886 ",41,41st
Wisconsin,115,25-Apr,25,April,1,1,day,after,37,th,43,rd,43rd,33,rd,33rd,43,rd,43rd,14,th,14th,27,th,27th,31,st,31st,43,rd,43rd,5,th,5th,11.00%,11,above,"$4,477 ",$0.86 ,39,39th,4,brackets,7.65%,10,10th,"$240,190 ","$1,183 ",12,12th,4.00%,$0 ,7.90%,1,15,15th,$163 ,15,15th,5.00%,5.43%,0.43%,44,44th,$809 ,32,32nd,"$1,758 ",12,12th,1.96%,5,5th,$492 ,24,24th,32.9,32.9,12,12th,$2.52 ,10,10th,$3.25 ,40,40th,$0.25 ,42,42nd,$0.06 ,48,48th,7.10%,42,42nd,38%,18%,26%,4%,16%,"$8,162 ",24,24th,28%,36,36th,flag_wi.gif,Wisconsin_map.ai,Iowa,41st,29th,Minnesota,47th,6th,Michigan,13th,21st,Illinois,31st,13th,(,),,,,,,,,,,,,,,,,None,N/A,None,N/A,None,N/A,None,"$40,741 ",25,25th,"$7,627 ",30,30th
Wyoming,112,22-Apr,22,April,-2,2,days,before,32,nd,1,st,1st,1,st,1st,1,st,1st,13,th,13th,34,th,34th,35,th,35th,1,st,1st,50,th,50th,6.90%,6.9,below,"$3,500 ",$1.11 ,23,23rd,0,no state income tax,0.00%,44,44th,N/A,$0 ,N/A,N/A,0.00%,N/A,0.00%,0,45,45th,$0 ,47,47th,4.00%,5.47%,1.47%,43,43rd,"$2,103 ",1,1st,"$2,308 ",5,5th,0.61%,43,43rd,$283 ,50,50th,24,24,30,30th,$0.60 ,39,39th,$0.00 ,49,49th,$0.00 ,46,46th,$0.02 ,50,50th,7.71%,39,39th,34%,31%,0%,0%,34%,"$15,380 ",2,2nd,35%,11,11th,flag_wy.gif,Wyoming_map.ai,Montana,6th,38th,South Dakota,2nd,48th,Nebraska,29th,25th,Colorado,20th,32nd,(,),Utah,9th,28th,(,),Idaho,19th,24th,(,),,,,,,0.02%,Unlimited,None,N/A,None,N/A,None,"$50,805 ",6,6th,"$4,191 ",49,49th
District of Columbia,113,23-Apr,23,April,-1,1,day,before,36,th,45,th,45th,38,th,38th,35,th,35th,42,nd,42nd,27,th,27th,44,th,44th,44,th,44th,20,th,20th,9.70%,9.7,below,"$6,641 ",$5.55 ,N/A,N/A,5,brackets,8.95%,7,7th,"$350,000 ","$2,379 ",2,2nd,4.00%,$0 ,9.40%,1,4,4th,$744 ,2,2nd,5.75%,5.75%,0.00%,41,41st,"$1,773 ",5,5th,"$2,997 ",1,1st,0.57%,46,46th,$683 ,9,9th,23.5,23.5,32,32nd,$2.50 ,11,11th,$5.37 ,30,30th,$1.61 ,7,7th,$0.58 ,9,9th,11.56%,17,17th,32%,19%,25%,8%,17%,"$17,784 ",2,2nd,38%,N/A,N/A,flag_dc.gif,DC_map.ai,Maryland,40th,7th,Virginia,27th,30th,,,,,,,,,,,,,,,,,,,,,,,,None,N/A,None,N/A,0.8-16%,"$1,000,000 ",None,"$68,795 ",1,1st,"$18,521 ",1,1st
